objectID,isHighlight,accessionNumber,accessionYear,isPublicDomain,primaryImage,primaryImageSmall,department,objectName,title,culture,period,dynasty,reign,portfolio,artistRole,artistPrefix,artistDisplayName,artistDisplayBio,artistSuffix,artistAlphaSort,artistNationality,artistBeginDate,artistEndDate,artistGender,artistWikidata_URL,artistULAN_URL,objectDate,objectBeginDate,objectEndDate,medium,dimensions,creditLine,geographyType,city,state,county,country,region,subregion,locale,locus,excavation,river,classification,rightsAndReproduction,linkResource,metadataDate,repository,objectURL,objectWikidata_URL,isTimelineWork,GalleryNumber,measurements.elementName,measurements.elementDescription,measurements.elementMeasurements.Height,measurements.elementMeasurements.Width,tags.term,tags.AAT_URL,tags.Wikidata_URL,measurements.elementMeasurements.Depth,constituents.constituentID,constituents.role,constituents.name,constituents.constituentULAN_URL,constituents.constituentWikidata_URL,constituents.gender,measurements.elementMeasurements.Weight,measurements.elementMeasurements.Diameter
525.0,False,34.100.64,1934,True,https://images.metmuseum.org/CRDImages/ad/original/APS2360.jpg,https://images.metmuseum.org/CRDImages/ad/web-large/APS2360.jpg,The American Wing,"Birth and baptismal certificate, Fraktur",Birth and Baptismal Certificate,American,,,,,,,,,,,,,,,,,1795,1795.0,1795.0,Watercolor and iron gall ink on off-white laid paper,12 1/4 x 14 3/4 in. (31.1 x 37.5 cm),"Gift of Mrs. Robert W. de Forest, 1933",Made in,,Pennsylvania,Dauphin County,United States,Mid-Atlantic,,,,,,,,,2021-07-03T04:41:36.377Z,"Metropolitan Museum of Art, New York, NY",https://www.metmuseum.org/art/collection/search/525,,False,,Overall,,31.1,37.4651,Women,http://vocab.getty.edu/page/aat/300025943,https://www.wikidata.org/wiki/Q467,,,,,,,,,
526.0,False,34.100.67,1934,True,https://images.metmuseum.org/CRDImages/ad/original/97419.jpg,https://images.metmuseum.org/CRDImages/ad/web-large/97419.jpg,The American Wing,"Birth and baptismal certificate, Fraktur",Birth and Baptismal Certificate,American,,,,,,,,,,,,,,,,,1787,1787.0,1787.0,Ink and watercolor on paper,12 1/4 x 16 1/2 in. (31.1 x 41.9 cm),"Gift of Mrs. Robert W. de Forest, 1933",Made in,,Pennsylvania,Chester County,United States,Mid-Atlantic,,,,,,,,,2021-07-03T04:41:36.377Z,"Metropolitan Museum of Art, New York, NY",https://www.metmuseum.org/art/collection/search/526,,False,,Overall,,31.1,37.4651,Birds,http://vocab.getty.edu/page/aat/300266506,https://www.wikidata.org/wiki/Q5113,,,,,,,,,
527.0,False,34.100.69,1934,True,https://images.metmuseum.org/CRDImages/ad/original/97421.jpg,https://images.metmuseum.org/CRDImages/ad/web-large/97421.jpg,The American Wing,"Birth and baptismal certificate, Fraktur",Birth and Baptismal Certificate,American,,,,,,,,,,,,,,,,,1810,1810.0,1810.0,Ink and watercolor on paper,12 1/2 x 14 1/2 in. (31.8 x 36.8 cm),"Gift of Mrs. Robert W. de Forest, 1933",Made in,,Pennsylvania,Dauphin County,United States,Mid-Atlantic,,,,,,,,,2021-07-03T04:41:36.377Z,"Metropolitan Museum of Art, New York, NY",https://www.metmuseum.org/art/collection/search/527,,False,,Overall,,31.1,41.9101,,,,,,,,,,,,
528.0,False,34.100.70,1934,True,https://images.metmuseum.org/CRDImages/ad/original/DP255525.jpg,https://images.metmuseum.org/CRDImages/ad/web-large/DP255525.jpg,The American Wing,"Birth and baptismal certificate, Fraktur",Birth and Baptismal Certificate,American,,,,,,,,,,,,,,,,,1822,1822.0,1822.0,Ink and watercolor on paper,12 3/8 x 15 5/8 in. (31.4 x 39.7 cm),"Gift of Mrs. Robert W. de Forest, 1933",Made in,,Pennsylvania,Lebanon County,United States,Mid-Atlantic,,,,,,,,,2021-07-03T04:41:36.377Z,"Metropolitan Museum of Art, New York, NY",https://www.metmuseum.org/art/collection/search/528,,False,,Overall,,31.7501,36.8,Birds,http://vocab.getty.edu/page/aat/300266506,https://www.wikidata.org/wiki/Q5113,,,,,,,,,
529.0,False,34.100.221,1934,True,https://images.metmuseum.org/CRDImages/ad/original/34.100.221.jpg,https://images.metmuseum.org/CRDImages/ad/web-large/34.100.221.jpg,The American Wing,"Birth and baptismal certificate, Fraktur",Birth and Baptismal Certificate,American,,,,,,,,,,,,,,,,,1784,1784.0,1784.0,Ink and watercolor on paper,13 1/2 x 16 1/4 in. (34.3 x 41.3 cm),"Gift of Mrs. Robert W. de Forest, 1933",Made in,,Pennsylvania,Northhampton County,United States,Mid-Atlantic,,,,,,,,,2021-07-03T04:41:36.377Z,"Metropolitan Museum of Art, New York, NY",https://www.metmuseum.org/art/collection/search/529,,False,,Framed,,40.6401,46.0376,Birds,http://vocab.getty.edu/page/aat/300266506,https://www.wikidata.org/wiki/Q5113,1.5875,,,,,,,,
530.0,False,44.109.7,1944,True,https://images.metmuseum.org/CRDImages/ad/original/APS2375.jpg,https://images.metmuseum.org/CRDImages/ad/web-large/APS2375.jpg,The American Wing,"Birth and baptismal certificate, Fraktur",Birth and Baptismal Certificate,American,,,,,,,,,,,,,,,,,1802,1802.0,1802.0,"Watercolor, gum arabic, and iron gall ink on off-white laid paper",12 15/16 x 15 15/16 in. (32.9 x 40.5 cm),"Rogers Fund, 1944",Made in,,Pennsylvania,Berks County,United States,Mid-Atlantic,,,,,,,,,2021-07-03T04:41:36.377Z,"Metropolitan Museum of Art, New York, NY",https://www.metmuseum.org/art/collection/search/530,,False,,Overall,,31.4,39.6876,Flowers,http://vocab.getty.edu/page/aat/300132399,https://www.wikidata.org/wiki/Q506,,,,,,,,,
531.0,False,59.35.1,1959,True,https://images.metmuseum.org/CRDImages/ad/original/168677.jpg,https://images.metmuseum.org/CRDImages/ad/web-large/168677.jpg,The American Wing,"Birth and baptismal certificate, Fraktur",Birth and Baptismal Certificate,American,,,,,,,,,,,,,,,,,1769,1769.0,1769.0,Ink and watercolor on paper,13 1/4 x 15 3/4 in. (33.7 x 40 cm),"Rogers Fund, 1959",Made in,,Pennsylvania,Lancaster County,United States,Mid-Atlantic,,,,,,,,,2021-07-03T04:41:36.377Z,"Metropolitan Museum of Art, New York, NY",https://www.metmuseum.org/art/collection/search/531,,False,,Overall,,31.4,39.6876,Flowers,http://vocab.getty.edu/page/aat/300132399,https://www.wikidata.org/wiki/Q506,,,,,,,,,
532.0,False,34.100.63,1934,True,https://images.metmuseum.org/CRDImages/ad/original/97415.jpg,https://images.metmuseum.org/CRDImages/ad/web-large/97415.jpg,The American Wing,"Birth and baptismal certificate, Fraktur",Birth and Baptismal Certificate,American,,,,,Maker,Attributed to,Henrich Dulhauer,,,"Dulhauer, Henrich",,,9999,,,,1784,1784.0,1784.0,Ink and watercolor on paper,13 1/2 x 17 in. (34.3 x 43.2 cm),"Gift of Mrs. Robert W. de Forest, 1933",Made in,,Pennsylvania,Lancaster County,United States,Mid-Atlantic,,,,,,,,,2021-07-03T04:41:36.377Z,"Metropolitan Museum of Art, New York, NY",https://www.metmuseum.org/art/collection/search/532,,False,,Overall,,34.3,41.2751,,,,,,,,,,,,
533.0,False,59.35.2,1959,False,,,The American Wing,"Birth and baptismal certificate, Fraktur",Birth and Baptismal Certificate,American,,,,,Maker,,Friederich Krebs,died 1815,,"Krebs, Friederich",,1765,1815,,,,1803,1803.0,1803.0,Ink and watercolor on paper,12 5/8 x 15 3/4 in. (32.1 x 40 cm),"Rogers Fund, 1959",Made in,,Pennsylvania,,United States,Mid-Atlantic,,,,,,,,,2021-04-06T04:41:04.967Z,"Metropolitan Museum of Art, New York, NY",https://www.metmuseum.org/art/collection/search/533,,False,,Overall,,34.3,41.2751,,,,,,,,,,,,
534.0,False,34.100.66,1934,True,https://images.metmuseum.org/CRDImages/ad/original/DP255526.jpg,https://images.metmuseum.org/CRDImages/ad/web-large/DP255526.jpg,The American Wing,"Birth and baptismal certificate, Fraktur",Birth and Baptismal Certificate,American,,,,,Maker,,Johann Heinrich Otto,ca. 1733–ca. 1800,,"Otto, Johann Heinrich",,1730,1800,,,http://vocab.getty.edu/page/ulan/500331480,1782,1782.0,1782.0,Ink and watercolor on paper,12 5/8 x 15 3/4 in. (32.1 x 40 cm),"Gift of Mrs. Robert W. de Forest, 1933",Made in,,Pennsylvania,Lancaster County,United States,Mid-Atlantic,,,,,,,,,2021-06-10T04:42:27.78Z,"Metropolitan Museum of Art, New York, NY",https://www.metmuseum.org/art/collection/search/534,,False,,Overall,,32.9,40.4813,Angels,http://vocab.getty.edu/page/aat/300379004,https://www.wikidata.org/wiki/Q235113,,,,,,,,,
535.0,False,1974.155.3,1974,True,https://images.metmuseum.org/CRDImages/ad/original/203752.jpg,https://images.metmuseum.org/CRDImages/ad/web-large/203752.jpg,The American Wing,"Certificate, Fraktur",Birth and baptismal certificate,American,,,,,Maker,,Johann Heinrich Otto,ca. 1733–ca. 1800,,"Otto, Johann Heinrich",,1730,1800,,,http://vocab.getty.edu/page/ulan/500331480,1786,1786.0,1786.0,Watercolor on paper,13 1/4 x 16 1/4 in. (33.7 x 41.3 cm),"Gift of Rev. Charles Trexler, 1974",Made in,,Pennsylvania,Northhampton County,United States,Mid-Atlantic,,,,,,,,,2021-07-03T04:41:36.377Z,"Metropolitan Museum of Art, New York, NY",https://www.metmuseum.org/art/collection/search/535,,False,,Overall,,32.9,40.4813,Birds,http://vocab.getty.edu/page/aat/300266506,https://www.wikidata.org/wiki/Q5113,,,,,,,,,
536.0,False,34.100.71,1934,False,,,The American Wing,"Birth and baptismal certificate, Fraktur",Birth and Baptismal Certificate,American,,,,,Maker,,Johan Zug,,,"Zug, Johan",,,9999,,,,1788,1788.0,1788.0,Ink and watercolor on paper,12 x 15 1/2 in. (30.5 x 39.4 cm),"Gift of Mrs. Robert W. de Forest, 1933",Made in,,Pennsylvania,Lancaster County,United States,Mid-Atlantic,,,,,,,,,2021-07-03T04:41:36.377Z,"Metropolitan Museum of Art, New York, NY",https://www.metmuseum.org/art/collection/search/536,,False,,Overall,,32.9,40.4813,Women,http://vocab.getty.edu/page/aat/300025943,https://www.wikidata.org/wiki/Q467,,,,,,,,,
537.0,False,34.100.73,1934,True,https://images.metmuseum.org/CRDImages/ad/original/97211.jpg,https://images.metmuseum.org/CRDImages/ad/web-large/97211.jpg,The American Wing,"Birth certificate, Fraktur",Birth Certificate,American,,,,,,,,,,,,,,,,,1800,1800.0,1800.0,Ink and watercolor on paper,8 5/8 x 13 3/4 in. (21.9 x 34.9 cm),"Gift of Mrs. Robert W. de Forest, 1933",Made in,,Pennsylvania,Lancaster County,United States,Mid-Atlantic,,,,,,,,,2021-07-03T04:41:36.377Z,"Metropolitan Museum of Art, New York, NY",https://www.metmuseum.org/art/collection/search/537,,False,,Overall,,33.7,40.0051,Birds,http://vocab.getty.edu/page/aat/300266506,https://www.wikidata.org/wiki/Q5113,,,,,,,,,
538.0,False,34.100.80,1934,True,https://images.metmuseum.org/CRDImages/ad/original/97217.jpg,https://images.metmuseum.org/CRDImages/ad/web-large/97217.jpg,The American Wing,"Birth certificate, Fraktur",Birth Certificate,American,,,,,,,,,,,,,,,,,1808,1808.0,1808.0,Ink and watercolor on paper,11 1/2 x 9 in. (29.2 x 22.9 cm),"Gift of Mrs. Robert W. de Forest, 1933",Made in,,Pennsylvania,,United States,Mid-Atlantic,,,,,,,,,2021-07-03T04:41:36.377Z,"Metropolitan Museum of Art, New York, NY",https://www.metmuseum.org/art/collection/search/538,,False,,Overall,,33.7,40.0051,Flowers,http://vocab.getty.edu/page/aat/300132399,https://www.wikidata.org/wiki/Q506,,,,,,,,,
539.0,False,34.100.68,1934,True,https://images.metmuseum.org/CRDImages/ad/original/97420.jpg,https://images.metmuseum.org/CRDImages/ad/web-large/97420.jpg,The American Wing,"Birth, baptismal and marriage certificate, Fraktur","Birth, Baptismal, and Marriage Certificate",American,,,,,,,,,,,,,,,,,1819,1819.0,1819.0,Ink and watercolor on paper,12 x 15 1/8 in. (30.5 x 38.4 cm),"Gift of Mrs. Robert W. de Forest, 1933",Made in,,Pennsylvania,Northhampton County,United States,Mid-Atlantic,,,,,,,,,2021-07-03T04:41:36.377Z,"Metropolitan Museum of Art, New York, NY",https://www.metmuseum.org/art/collection/search/539,,False,,Overall,,34.3,43.1801,Birds,http://vocab.getty.edu/page/aat/300266506,https://www.wikidata.org/wiki/Q5113,,1219.0,Maker,Attributed to Henrich Dulhauer,,,,,
540.0,False,"46.140.784a, b",1946,True,https://images.metmuseum.org/CRDImages/ad/original/174135.jpg,https://images.metmuseum.org/CRDImages/ad/web-large/174135.jpg,The American Wing,Bitters bottle,Bitters Bottle,American,,,,,,,,,,,,,,,,,1860–1870,1860.0,1870.0,"Pressed glass, diamond thumbprint",H. 8 1/2 in. (21.6 cm),"Gift of Mrs. Emily Winthrop Miles, 1946",Probably made in,Pittsburgh,Pennsylvania,,United States,Mid-Atlantic,,,,,,,,,2021-04-06T04:41:04.967Z,"Metropolitan Museum of Art, New York, NY",https://www.metmuseum.org/art/collection/search/540,,False,774,Overall,,34.3,43.1801,Birds,http://vocab.getty.edu/page/aat/300266506,https://www.wikidata.org/wiki/Q5113,,1220.0,Maker,Possibly Johann Heinrich Otto,http://vocab.getty.edu/page/ulan/500331480,,,,
541.0,False,"46.140.804a, b",1946,True,https://images.metmuseum.org/CRDImages/ad/original/187142.jpg,https://images.metmuseum.org/CRDImages/ad/web-large/187142.jpg,The American Wing,Bitters bottle,Bitters Bottle,American,,,,,,,,,,,,,,,,,1860–70,1860.0,1870.0,Pressed glass,H. 7 1/4 in. (18.4 cm),"Gift of Mrs. Emily Winthrop Miles, 1946",Made in,,,,United States,,,,,,,,,,2021-04-06T04:41:04.967Z,"Metropolitan Museum of Art, New York, NY",https://www.metmuseum.org/art/collection/search/541,,False,774,Overall,,32.1,40.0051,,,,,1221.0,Maker,Friederich Krebs,,,,,
542.0,False,46.140.99,1946,True,https://images.metmuseum.org/CRDImages/ad/original/174936.jpg,https://images.metmuseum.org/CRDImages/ad/web-large/174936.jpg,The American Wing,Bitters bottle,Bitters Bottle,American,,,,,Maker,,"Bakewell, Pears and Company",1836–1882,,"Bakewell, Pears and Company",,1836,1882,,,,1850–70,1850.0,1870.0,Pressed glass,H. 6 9/16 in. (16.7 cm),"Gift of Mrs. Emily Winthrop Miles, 1946",Made in,Pittsburgh,Pennsylvania,,United States,Mid-Atlantic,,,,,,,,,2021-04-06T04:41:04.967Z,"Metropolitan Museum of Art, New York, NY",https://www.metmuseum.org/art/collection/search/542,,False,774,Overall,,32.1,40.0051,Mythical Creatures,http://vocab.getty.edu/page/aat/300375725,https://www.wikidata.org/wiki/Q2239243,,1220.0,Maker,Johann Heinrich Otto,http://vocab.getty.edu/page/ulan/500331480,,,,
543.0,False,1971.180.40,1971,False,,,The American Wing,Desk,Desk,American,,,,,,,,,,,,,,,,,1760–90,1760.0,1790.0,"Mahogany, white pine",44 1/2 x 46 x 25 in. (113 x 116.8 x 63.5 cm),"Bequest of Flora E. Whiting, 1971",Made in,Boston,Massachusetts,,United States,New England,,,,,,,,,2021-04-06T04:41:04.967Z,"Metropolitan Museum of Art, New York, NY",https://www.metmuseum.org/art/collection/search/543,,False,,Overall,,32.1,40.0051,Parrots,http://vocab.getty.edu/page/aat/300250076,https://www.wikidata.org/wiki/Q15548309,,1220.0,Maker,Johann Heinrich Otto,http://vocab.getty.edu/page/ulan/500331480,,,,
544.0,False,18.110.58,1918,True,https://images.metmuseum.org/CRDImages/ad/original/ADA3901.jpg,https://images.metmuseum.org/CRDImages/ad/web-large/ADA3901.jpg,The American Wing,Desk,Desk,American,,,,,Maker,,Benjamin Burnham,ca. 1729–1773,,"Burnham, Benjamin",,1726,1773,,,,1769,1769.0,1769.0,"Cherry, white pine, tulip poplar",49 3/4 x 44 1/2 x 24 1/2 in. (126.4 x 113 x 62.2 cm),"John Stewart Kennedy Fund, 1918",Made in,Colchester,Connecticut,,United States,New England,,,,,,,,,2021-04-06T04:41:04.967Z,"Metropolitan Museum of Art, New York, NY",https://www.metmuseum.org/art/collection/search/544,,False,717,Overall,,32.1,40.0051,Flowers,http://vocab.getty.edu/page/aat/300132399,https://www.wikidata.org/wiki/Q506,,1220.0,Maker,Johann Heinrich Otto,http://vocab.getty.edu/page/ulan/500331480,,,,
545.0,False,62.233.5,1962,False,,,The American Wing,Blotter,Blotter,American,,,,,Designer,Designed by,Louis Comfort Tiffany,"American, New York 1848–1933 New York",,"Tiffany, Louis Comfort",American,1848,1933,,https://www.wikidata.org/wiki/Q312950,http://vocab.getty.edu/page/ulan/500030415,ca. 1910–20,1907.0,1920.0,"Favrile glass, bronze",1 15/16 x 5 13/16 x 3 in. (4.9 x 14.8 x 7.6 cm),"Gift of Mrs. H. S. Mesick, 1962",Made in,New York,New York,,United States,Mid-Atlantic,,,,,,,,,2021-04-06T04:41:04.967Z,"Metropolitan Museum of Art, New York, NY",https://www.metmuseum.org/art/collection/search/545,,False,774,Overall,,32.1,40.0051,Mythical Creatures,http://vocab.getty.edu/page/aat/300375725,https://www.wikidata.org/wiki/Q2239243,,1220.0,Maker,Johann Heinrich Otto,http://vocab.getty.edu/page/ulan/500331480,,,,
546.0,False,1974.214.11,1974,False,,,The American Wing,Blotter,Blotter,American,,,,,Designer,Designed by,Louis Comfort Tiffany,"American, New York 1848–1933 New York",,"Tiffany, Louis Comfort",American,1848,1933,,https://www.wikidata.org/wiki/Q312950,http://vocab.getty.edu/page/ulan/500030415,after 1909,1910.0,1919.0,Bronze,18 1/4 x 12 1/8 in. (46.4 x 30.8 cm),"Gift of Mr. and Mrs. Hugh J. Grant, 1974",Made in,New York,New York,,United States,Mid-Atlantic,,,,,,,,,2021-04-06T04:41:04.967Z,"Metropolitan Museum of Art, New York, NY",https://www.metmuseum.org/art/collection/search/546,,False,774,Overall,,32.1,40.0051,Parrots,http://vocab.getty.edu/page/aat/300250076,https://www.wikidata.org/wiki/Q15548309,,1220.0,Maker,Johann Heinrich Otto,http://vocab.getty.edu/page/ulan/500331480,,,,
547.0,False,"62.233.19a, b",1962,False,,,The American Wing,Blotter holders,Pair of Blotter Holders,American,,,,,Designer,Designed by,Louis Comfort Tiffany,"American, New York 1848–1933 New York",,"Tiffany, Louis Comfort",American,1848,1933,,https://www.wikidata.org/wiki/Q312950,http://vocab.getty.edu/page/ulan/500030415,ca. 1910–20,1907.0,1920.0,Bronze,H. 19 1/16 in. (48.4 cm),"Gift of Mrs. H. S. Mesick, 1962",Made in,New York,New York,,United States,Mid-Atlantic,,,,,,,,,2021-04-06T04:41:04.967Z,"Metropolitan Museum of Art, New York, NY",https://www.metmuseum.org/art/collection/search/547,,False,774,Overall,,32.1,40.0051,Flowers,http://vocab.getty.edu/page/aat/300132399,https://www.wikidata.org/wiki/Q506,,1220.0,Maker,Johann Heinrich Otto,http://vocab.getty.edu/page/ulan/500331480,,,,
548.0,False,1985.40.14,1985,False,,,The American Wing,Bobbin and thread,Bobbin and Thread,"American, Shaker",,,,,Maker,,"United Society of Believers in Christ’s Second Appearing (“Shakers”), Mount Lebanon, New York","American, active ca. 1750–present",,United Society of Believers in Christ’s Second Appearing,,1750,9999,,https://www.wikidata.org/wiki/Q1370167,(not assigned),1800–1900,1800.0,1900.0,"Wood; Maple, thread",3 15/16 x 11/16 in. (10 x 1.7 cm),"Gift of Mrs. G. James Fawcett, in memory of John S. Rudd, 1985",Made in,New Lebanon,New York,,United States,Mid-Atlantic,,,,,,,,,2021-04-06T04:41:04.967Z,"Metropolitan Museum of Art, New York, NY",https://www.metmuseum.org/art/collection/search/548,,False,774,Overall,,33.7,41.2751,Birds,http://vocab.getty.edu/page/aat/300266506,https://www.wikidata.org/wiki/Q5113,,1220.0,Maker,Johann Heinrich Otto,http://vocab.getty.edu/page/ulan/500331480,,,,
549.0,False,1977.88,1977,True,https://images.metmuseum.org/CRDImages/ad/original/210784.jpg,https://images.metmuseum.org/CRDImages/ad/web-large/210784.jpg,The American Wing,Bobeche,Bobeche,American,,,,,Maker,,Myer Myers,1723–1795,,"Myers, Myer",American,1723,1795,,https://www.wikidata.org/wiki/Q29441860,http://vocab.getty.edu/page/ulan/500092592,1755–60,1755.0,1760.0,Silver,Dimensions unavailable,"Sansbury-Mills Fund, 1977",Made in,New York,New York,,United States,Mid-Atlantic,,,,,,,,,2021-04-06T04:41:04.967Z,"Metropolitan Museum of Art, New York, NY",https://www.metmuseum.org/art/collection/search/549,,False,750,Overall,,30.4801,39.4,Flowers,http://vocab.getty.edu/page/aat/300132399,https://www.wikidata.org/wiki/Q506,,1222.0,Maker,Johan Zug,,,,,
550.0,False,41.160.359a–c,1941,True,https://images.metmuseum.org/CRDImages/ad/original/126417.jpg,https://images.metmuseum.org/CRDImages/ad/web-large/126417.jpg,The American Wing,"Bolt, nut, and washer","Bolt, Nut, and Washer",,,,,,,,,,,,,,,,,,1700–1800,1700.0,1800.0,Brass,H. 5 1/4 in. (13.3 cm),"Bequest of W. Gedney Beatty, 1941",,,,,,,,,,,,,,,2021-04-06T04:41:04.967Z,"Metropolitan Museum of Art, New York, NY",https://www.metmuseum.org/art/collection/search/550,,False,,Overall,,21.9075,34.9,,,,,,,,,,,,
551.0,False,1981.356,1981,False,,,The American Wing,Bonnet,Bonnet,"American, Shaker",,,,,Maker,,"United Society of Believers in Christ’s Second Appearing (“Shakers”), Mount Lebanon, New York","American, active ca. 1750–present",,United Society of Believers in Christ’s Second Appearing,,1750,9999,,https://www.wikidata.org/wiki/Q1370167,(not assigned),1800–1900,1800.0,1900.0,Straw,Dimensions unavailable,"Purchase, Anonymous Gift, 1981",Made in,Enfield,Connecticut,,United States,New England,,,,,,,,,2021-04-06T04:41:04.967Z,"Metropolitan Museum of Art, New York, NY",https://www.metmuseum.org/art/collection/search/551,,False,,Overall,,29.2,22.86,Flowers,http://vocab.getty.edu/page/aat/300132399,https://www.wikidata.org/wiki/Q506,,,,,,,,,
552.0,False,1985.40.6,1985,False,,,The American Wing,Bonnet,Bonnet,"American, Shaker",,,,,Maker,,"United Society of Believers in Christ’s Second Appearing (“Shakers”), Mount Lebanon, New York","American, active ca. 1750–present",,United Society of Believers in Christ’s Second Appearing,,1750,9999,,https://www.wikidata.org/wiki/Q1370167,(not assigned),1800–1900,1800.0,1900.0,Palm leaf,10 1/2 x 8 in. (26.7 x 20.3 cm),"Gift of Mrs. G. James Fawcett, in memory of John S. Rudd, 1985",Made in,New Lebanon,New York,,United States,Mid-Atlantic,,,,,,,,,2021-04-06T04:41:04.967Z,"Metropolitan Museum of Art, New York, NY",https://www.metmuseum.org/art/collection/search/552,,False,,Overall,,29.2,22.86,Birds,http://vocab.getty.edu/page/aat/300266506,https://www.wikidata.org/wiki/Q5113,,,,,,,,,
553.0,False,14.11.3,1914,True,https://images.metmuseum.org/CRDImages/ad/original/DP252038.jpg,https://images.metmuseum.org/CRDImages/ad/web-large/DP252038.jpg,The American Wing,Flask,Flask,American,,,,,Maker,Probably,United States Pottery Company,1852–58,,United States Pottery Company,,1852,1852,,,,ca. 1853–58,1850.0,1858.0,Mottled brown earthenware,7 5/8 x 5 5/8 in. (19.4 x 14.3 cm),"Rogers Fund, 1914",Probably made in,Bennington,Vermont,,United States,New England,,,,,,,,,2021-04-06T04:41:04.967Z,"Metropolitan Museum of Art, New York, NY",https://www.metmuseum.org/art/collection/search/553,,False,774,Overall,,30.4801,38.4,Angels,http://vocab.getty.edu/page/aat/300379004,https://www.wikidata.org/wiki/Q235113,,,,,,,,,
554.0,False,40.150.310,1940,True,https://images.metmuseum.org/CRDImages/ad/original/DP253044.jpg,https://images.metmuseum.org/CRDImages/ad/web-large/DP253044.jpg,The American Wing,Flask,Book flask,American,,,,,Maker,,United States Pottery Company,1852–58,,United States Pottery Company,,1852,1852,,,,ca. 1849–58,1846.0,1858.0,Mottled brown earthenware,H. 10 3/4 in. (27.3 cm),"Bequest of Constance R. Brown, 1939",Made in,Bennington,Vermont,,United States,New England,,,,,,,,,2021-04-06T04:41:04.967Z,"Metropolitan Museum of Art, New York, NY",https://www.metmuseum.org/art/collection/search/554,,False,774,Overall,,21.6,,,,,,,,,,,,,
555.0,False,1984.395.12,1984,True,https://images.metmuseum.org/CRDImages/ad/original/DP253042.jpg,https://images.metmuseum.org/CRDImages/ad/web-large/DP253042.jpg,The American Wing,Flask,Book flask,American,,,,,Maker,,United States Pottery Company,1852–58,,United States Pottery Company,,1852,1852,,,,1849,1849.0,1849.0,Mottled brown earthenware,H. 6 in. (15.2 cm),"Gift of Mrs. Stanley Herzman, 1984",Made in,Bennington,Vermont,,United States,New England,,,,,,,,,2021-04-06T04:41:04.967Z,"Metropolitan Museum of Art, New York, NY",https://www.metmuseum.org/art/collection/search/555,,False,774,Overall,,18.4,,Flowers,http://vocab.getty.edu/page/aat/300132399,https://www.wikidata.org/wiki/Q506,,,,,,,,,
556.0,False,39.184.49,1939,True,https://images.metmuseum.org/CRDImages/ad/original/120124.jpg,https://images.metmuseum.org/CRDImages/ad/web-large/120124.jpg,The American Wing,Book,"Book of Common Prayer, Bible, and Book of Psalms",British,,,,,,,,,,,,,,,,,1715–28,1715.0,1728.0,Paper,H. 17 1/8 in. (43.5 cm),"Gift of James DeLancey Verplanck and John Bayard Rodgers Verplanck,  1939",Made in,,,,England,,,,,,,,,,2021-04-06T04:41:04.967Z,"Metropolitan Museum of Art, New York, NY",https://www.metmuseum.org/art/collection/search/556,,False,,Overall,,16.7,,,,,,1223.0,Maker,"Bakewell, Pears and Company",,,,,
559.0,False,67.262.1a–c,1967,True,https://images.metmuseum.org/CRDImages/ad/original/193011.jpg,https://images.metmuseum.org/CRDImages/ad/web-large/193011.jpg,The American Wing,Bookcase,Bookcase,American,,,,,,,,,,,,,,,,,1835–50,1835.0,1850.0,"Mahogany, pine",91 1/4 x 49 x 27 3/8 in. (231.8 x 124.5 x 69.5 cm),"Gift of John C. Cattus, 1967",Made in,New York,New York,,United States,Mid-Atlantic,,,,,,,,,2021-04-06T04:41:04.967Z,"Metropolitan Museum of Art, New York, NY",https://www.metmuseum.org/art/collection/search/559,,False,,Overall,,113.0,116.8,,,,63.5001,,,,,,,,
560.0,False,1977.310.1,1977,True,https://images.metmuseum.org/CRDImages/ad/original/ADA3165.jpg,https://images.metmuseum.org/CRDImages/ad/web-large/ADA3165.jpg,The American Wing,Bookcase,Bookcase,American,,,,,,,,,,,,,,,,,ca. 1855,1852.0,1855.0,"Oak, pine",95 1/2 x 60 x 22 in. (242.6 x 152.4 x 55.9 cm),"Sansbury-Mills Fund, 1977",Made in,,New York,,United States,Mid-Atlantic,,,,,,,,,2021-04-06T04:41:04.967Z,"Metropolitan Museum of Art, New York, NY",https://www.metmuseum.org/art/collection/search/560,,False,740,Overall,,126.4,113.0,,,,62.2301,1224.0,Maker,Benjamin Burnham,,,,,
561.0,False,1977.310.2,1977,True,https://images.metmuseum.org/CRDImages/ad/original/ADA3368.jpg,https://images.metmuseum.org/CRDImages/ad/web-large/ADA3368.jpg,The American Wing,Bookcase,Bookcase,American,,,,,,,,,,,,,,,,,ca. 1855,1852.0,1855.0,"Oak, pine",95 1/2 x 60 x 21 1/2 in. (242.6 x 152.4 x 54.6 cm),"Sansbury-Mills Fund, 1977",Made in,,New York,,United States,Mid-Atlantic,,,,,,,,,2021-04-06T04:41:04.967Z,"Metropolitan Museum of Art, New York, NY",https://www.metmuseum.org/art/collection/search/561,,False,740,Overall,,126.4,113.0,,,,62.2301,1224.0,Maker,Benjamin Burnham,,,,,
562.0,False,46.67.2,1946,True,https://images.metmuseum.org/CRDImages/ad/original/DP-18258-003.jpg,https://images.metmuseum.org/CRDImages/ad/web-large/DP-18258-003.jpg,The American Wing,Bookend,Bookend,British (American market),,,,,,,,,,,,,,,,,1800–1830,1800.0,1830.0,"Earthenware, lusterware",6 1/2 x 7 in. (16.5 x 17.8 cm),"Gift of the Members of the Committee of the Bertha King Benkard Memorial Fund, 1946",Made in,,,Staffordshire,England,West Midlands,,,,,,,,,2021-04-06T04:41:04.967Z,"Metropolitan Museum of Art, New York, NY",https://www.metmuseum.org/art/collection/search/562,,False,774,Overall,,4.9,14.7638,,,,7.6,162542.0,Designer,Designed by Louis Comfort Tiffany,http://vocab.getty.edu/page/ulan/500030415,https://www.wikidata.org/wiki/Q312950,,,
564.0,False,46.140.669,1946,True,https://images.metmuseum.org/CRDImages/ad/original/182113.jpg,https://images.metmuseum.org/CRDImages/ad/web-large/182113.jpg,The American Wing,Sculpture,Boot with Spur,American,,,,,Maker,,"Challinor, Taylor and Company",1866–1891,,"Challinor, Taylor and Company",,1866,1891,,,,1870–90,1870.0,1890.0,Pressed purple marble glass,H. 3 1/2 in. (8.9 cm); Diam. 2 1/16 in. (5.2 cm),"Gift of Mrs. Emily Winthrop Miles, 1946",Made in,Tarentum,Pennsylvania,,United States,Mid-Atlantic,,,,,,,,,2021-04-06T04:41:04.967Z,"Metropolitan Museum of Art, New York, NY",https://www.metmuseum.org/art/collection/search/564,,False,774,Overall,,4.9,14.7638,,,,7.6,162541.0,Maker,Tiffany Studios,http://vocab.getty.edu/page/ulan/500331813,https://www.wikidata.org/wiki/Q19587243,,,
565.0,False,46.140.670,1946,True,https://images.metmuseum.org/CRDImages/ad/original/DP238269.jpg,https://images.metmuseum.org/CRDImages/ad/web-large/DP238269.jpg,The American Wing,Sculpture,Boot with Spur,American,,,,,Maker,,"Challinor, Taylor and Company",1866–1891,,"Challinor, Taylor and Company",,1866,1891,,,,1870–90,1870.0,1890.0,Pressed purple marble glass,H. 3 1/2 in. (8.9 cm); Diam. 2 1/16 in. (5.2 cm),"Gift of Mrs. Emily Winthrop Miles, 1946",Made in,Tarentum,Pennsylvania,,United States,Mid-Atlantic,,,,,,,,,2021-04-06T04:41:04.967Z,"Metropolitan Museum of Art, New York, NY",https://www.metmuseum.org/art/collection/search/565,,False,774,Overall,,46.4,30.7976,,,,,162542.0,Designer,Designed by Louis Comfort Tiffany,http://vocab.getty.edu/page/ulan/500030415,https://www.wikidata.org/wiki/Q312950,,,
566.0,False,1970.100.7,1970,True,https://images.metmuseum.org/CRDImages/ad/original/196483.jpg,https://images.metmuseum.org/CRDImages/ad/web-large/196483.jpg,The American Wing,Tile,Border Tile,American,,,,,Maker,,J. and J. G. Low Art Tile Works,"American, Chelsea, Massachusetts, 1877–1903",,"Low Art Tile Works, J. and J. G.",,1877,1903,,,http://vocab.getty.edu/page/ulan/500276336,ca. 1881,1878.0,1881.0,Earthenware,2 1/8 x 6 x 3/8 in. (5.4 x 15.2 x 1 cm),"Funds from various donors, 1970",Made in,Chelsea,Massachusetts,,United States,New England,,,,,,,,,2021-04-06T04:41:04.967Z,"Metropolitan Museum of Art, New York, NY",https://www.metmuseum.org/art/collection/search/566,,False,774,Overall,,46.4,30.7976,,,,,162541.0,Maker,Tiffany Studios,http://vocab.getty.edu/page/ulan/500331813,https://www.wikidata.org/wiki/Q19587243,,,
567.0,False,1970.100.8,1970,True,https://images.metmuseum.org/CRDImages/ad/original/196484.jpg,https://images.metmuseum.org/CRDImages/ad/web-large/196484.jpg,The American Wing,Tile,Border Tile,American,,,,,Maker,,J. and J. G. Low Art Tile Works,"American, Chelsea, Massachusetts, 1877–1903",,"Low Art Tile Works, J. and J. G.",,1877,1903,,,http://vocab.getty.edu/page/ulan/500276336,1881–84,1881.0,1884.0,Earthenware,2 3/16 x 6 1/8 x 3/8 in. (5.6 x 15.6 x 1 cm),"Funds from various donors, 1970",Made in,Chelsea,Massachusetts,,United States,New England,,,,,,,,,2021-04-06T04:41:04.967Z,"Metropolitan Museum of Art, New York, NY",https://www.metmuseum.org/art/collection/search/567,,False,774,Overall,,48.4188,,,,,,162542.0,Designer,Designed by Louis Comfort Tiffany,http://vocab.getty.edu/page/ulan/500030415,https://www.wikidata.org/wiki/Q312950,,,
568.0,False,1970.100.9,1970,True,https://images.metmuseum.org/CRDImages/ad/original/196485.jpg,https://images.metmuseum.org/CRDImages/ad/web-large/196485.jpg,The American Wing,Tile,Border Tile,American,,,,,Maker,,J. and J. G. Low Art Tile Works,"American, Chelsea, Massachusetts, 1877–1903",,"Low Art Tile Works, J. and J. G.",,1877,1903,,,http://vocab.getty.edu/page/ulan/500276336,ca. 1885,1882.0,1885.0,Earthenware,2 3/16 x 6 3/16 x 7/16 in. (5.6 x 15.7 x 1.1 cm),"Funds from various donors, 1970",Made in,Chelsea,Massachusetts,,United States,New England,,,,,,,,,2021-04-06T04:41:04.967Z,"Metropolitan Museum of Art, New York, NY",https://www.metmuseum.org/art/collection/search/568,,False,774,Overall,,48.4188,,,,,,162541.0,Maker,Tiffany Studios,http://vocab.getty.edu/page/ulan/500331813,https://www.wikidata.org/wiki/Q19587243,,,
569.0,False,1970.100.10,1970,True,https://images.metmuseum.org/CRDImages/ad/original/196486.jpg,https://images.metmuseum.org/CRDImages/ad/web-large/196486.jpg,The American Wing,Tile,Border Tile,American,,,,,Maker,,J. and J. G. Low Art Tile Works,"American, Chelsea, Massachusetts, 1877–1903",,"Low Art Tile Works, J. and J. G.",,1877,1903,,,http://vocab.getty.edu/page/ulan/500276336,ca. 1885,1882.0,1885.0,Earthenware,2 3/16 x 6 1/8 x 7/16 in. (5.6 x 15.6 x 1.1 cm),"Funds from various donors, 1970",Made in,Chelsea,Massachusetts,,United States,New England,,,,,,,,,2021-04-06T04:41:04.967Z,"Metropolitan Museum of Art, New York, NY",https://www.metmuseum.org/art/collection/search/569,,False,774,Overall,,10.0,1.7463,Bobbins,http://vocab.getty.edu/page/aat/300023485,https://www.wikidata.org/wiki/Q1520790,,87377.0,Maker,"United Society of Believers in Christ’s Second Appearing (“Shakers”), Mount Lebanon, New York",(not assigned),https://www.wikidata.org/wiki/Q1370167,,,
570.0,False,1970.100.11,1970,True,https://images.metmuseum.org/CRDImages/ad/original/196487.jpg,https://images.metmuseum.org/CRDImages/ad/web-large/196487.jpg,The American Wing,Tile,Border Tile,American,,,,,Maker,,J. and J. G. Low Art Tile Works,"American, Chelsea, Massachusetts, 1877–1903",,"Low Art Tile Works, J. and J. G.",,1877,1903,,,http://vocab.getty.edu/page/ulan/500276336,1881,1881.0,1881.0,Earthenware,2 3/16 x 6 1/8 x 3/8 in. (5.5 x 15.6 x 1 cm),"Funds from various donors, 1970",Made in,Chelsea,Massachusetts,,United States,New England,,,,,,,,,2021-04-06T04:41:04.967Z,"Metropolitan Museum of Art, New York, NY",https://www.metmuseum.org/art/collection/search/570,,False,774,,,,,,,,,1157.0,Maker,Myer Myers,http://vocab.getty.edu/page/ulan/500092592,https://www.wikidata.org/wiki/Q29441860,,,
571.0,False,1970.100.12,1970,True,https://images.metmuseum.org/CRDImages/ad/original/196488.jpg,https://images.metmuseum.org/CRDImages/ad/web-large/196488.jpg,The American Wing,Tile,Border Tile,American,,,,,Maker,,J. and J. G. Low Art Tile Works,"American, Chelsea, Massachusetts, 1877–1903",,"Low Art Tile Works, J. and J. G.",,1877,1903,,,http://vocab.getty.edu/page/ulan/500276336,ca. 1885,1882.0,1885.0,Earthenware,2 1/8 x 6 x 5/16 in. (5.4 x 15.2 x 0.8 cm),"Funds from various donors, 1970",Made in,Chelsea,Massachusetts,,United States,New England,,,,,,,,,2021-04-06T04:41:04.967Z,"Metropolitan Museum of Art, New York, NY",https://www.metmuseum.org/art/collection/search/571,,False,774,Overall,,13.335,,,,,,,,,,,,,
572.0,False,1971.182.3,1971,True,https://images.metmuseum.org/CRDImages/ad/original/196984.jpg,https://images.metmuseum.org/CRDImages/ad/web-large/196984.jpg,The American Wing,Tile,Border Tile,American,,,,,Maker,,J. and J. G. Low Art Tile Works,"American, Chelsea, Massachusetts, 1877–1903",,"Low Art Tile Works, J. and J. G.",,1877,1903,,,http://vocab.getty.edu/page/ulan/500276336,1881,1881.0,1881.0,Earthenware,6 1/8 x 2 3/16 x 3/8 in. (15.6 x 5.6 x 1 cm),"Gift of Mrs. George F. Leonard, 1971",Made in,Chelsea,Massachusetts,,United States,New England,,,,,,,,,2021-04-06T04:41:04.967Z,"Metropolitan Museum of Art, New York, NY",https://www.metmuseum.org/art/collection/search/572,,False,774,,,,,,,,,87377.0,Maker,"United Society of Believers in Christ’s Second Appearing (“Shakers”), Mount Lebanon, New York",(not assigned),https://www.wikidata.org/wiki/Q1370167,,,
573.0,False,1971.182.4,1971,True,https://images.metmuseum.org/CRDImages/ad/original/196985.jpg,https://images.metmuseum.org/CRDImages/ad/web-large/196985.jpg,The American Wing,Tile,Border Tile,American,,,,,Maker,,J. and J. G. Low Art Tile Works,"American, Chelsea, Massachusetts, 1877–1903",,"Low Art Tile Works, J. and J. G.",,1877,1903,,,http://vocab.getty.edu/page/ulan/500276336,1883,1883.0,1883.0,Earthenware,6 1/8 x 2 1/8 x 3/8 in. (15.6 x 5.4 x 1 cm),"Gift of Mrs. George F. Leonard, 1971",Made in,Chelsea,Massachusetts,,United States,New England,,,,,,,,,2021-04-06T04:41:04.967Z,"Metropolitan Museum of Art, New York, NY",https://www.metmuseum.org/art/collection/search/573,,False,774,Overall,,26.7,20.32,,,,,87377.0,Maker,"United Society of Believers in Christ’s Second Appearing (“Shakers”), Mount Lebanon, New York",(not assigned),https://www.wikidata.org/wiki/Q1370167,,,
574.0,False,1971.182.5,1971,True,https://images.metmuseum.org/CRDImages/ad/original/196986.jpg,https://images.metmuseum.org/CRDImages/ad/web-large/196986.jpg,The American Wing,Tile,Border Tile,American,,,,,Maker,,J. and J. G. Low Art Tile Works,"American, Chelsea, Massachusetts, 1877–1903",,"Low Art Tile Works, J. and J. G.",,1877,1903,,,http://vocab.getty.edu/page/ulan/500276336,1881–85,1881.0,1885.0,Earthenware,6 1/8 x 2 3/16 x 5/16 in. (15.6 x 5.6 x 0.8 cm),"Gift of Mrs. George F. Leonard, 1971",Made in,Chelsea,Massachusetts,,United States,New England,,,,,,,,,2021-04-06T04:41:04.967Z,"Metropolitan Museum of Art, New York, NY",https://www.metmuseum.org/art/collection/search/574,,False,774,Overall,,19.4,14.3,Books,http://vocab.getty.edu/page/aat/300028051,https://www.wikidata.org/wiki/Q571,,1153.0,Maker,Probably United States Pottery Company,,,,,
575.0,False,1971.182.6,1971,True,https://images.metmuseum.org/CRDImages/ad/original/196987.jpg,https://images.metmuseum.org/CRDImages/ad/web-large/196987.jpg,The American Wing,Tile,Border Tile,American,,,,,Maker,,J. and J. G. Low Art Tile Works,"American, Chelsea, Massachusetts, 1877–1903",,"Low Art Tile Works, J. and J. G.",,1877,1903,,,http://vocab.getty.edu/page/ulan/500276336,1881,1881.0,1881.0,Earthenware,6 1/8 x 2 3/16 x 3/8 in. (15.6 x 5.6 x 1 cm),"Gift of Mrs. George F. Leonard, 1971",Made in,Chelsea,Massachusetts,,United States,New England,,,,,,,,,2021-04-06T04:41:04.967Z,"Metropolitan Museum of Art, New York, NY",https://www.metmuseum.org/art/collection/search/575,,False,774,Overall,,27.3,,Books,http://vocab.getty.edu/page/aat/300028051,https://www.wikidata.org/wiki/Q571,,1153.0,Maker,United States Pottery Company,,,,,
576.0,False,1971.182.7,1971,True,https://images.metmuseum.org/CRDImages/ad/original/196988.jpg,https://images.metmuseum.org/CRDImages/ad/web-large/196988.jpg,The American Wing,Tile,Border Tile,American,,,,,Maker,,J. and J. G. Low Art Tile Works,"American, Chelsea, Massachusetts, 1877–1903",,"Low Art Tile Works, J. and J. G.",,1877,1903,,,http://vocab.getty.edu/page/ulan/500276336,1881,1881.0,1881.0,Earthenware,6 1/8 x 2 1/8 x 3/8 in. (15.6 x 5.4 x 1 cm),"Gift of Mrs. George F. Leonard, 1971",Made in,Chelsea,Massachusetts,,United States,New England,,,,,,,,,2021-04-06T04:41:04.967Z,"Metropolitan Museum of Art, New York, NY",https://www.metmuseum.org/art/collection/search/576,,False,774,Overall,,15.2,,Books,http://vocab.getty.edu/page/aat/300028051,https://www.wikidata.org/wiki/Q571,,1153.0,Maker,United States Pottery Company,,,,,
577.0,False,1971.182.8,1971,True,https://images.metmuseum.org/CRDImages/ad/original/196989.jpg,https://images.metmuseum.org/CRDImages/ad/web-large/196989.jpg,The American Wing,Tile,Border Tile,American,,,,,Maker,,J. and J. G. Low Art Tile Works,"American, Chelsea, Massachusetts, 1877–1903",,"Low Art Tile Works, J. and J. G.",,1877,1903,,,http://vocab.getty.edu/page/ulan/500276336,1882,1882.0,1882.0,Earthenware,6 3/16 x 2 3/16 x 3/8 in. (15.7 x 5.6 x 1 cm),"Gift of Mrs. George F. Leonard, 1971",Made in,Chelsea,Massachusetts,,United States,New England,,,,,,,,,2021-04-06T04:41:04.967Z,"Metropolitan Museum of Art, New York, NY",https://www.metmuseum.org/art/collection/search/577,,False,774,Overall,,15.2,,Books,http://vocab.getty.edu/page/aat/300028051,https://www.wikidata.org/wiki/Q571,,1153.0,Maker,United States Pottery Company,,,,,
578.0,False,1971.182.9,1971,True,https://images.metmuseum.org/CRDImages/ad/original/196990.jpg,https://images.metmuseum.org/CRDImages/ad/web-large/196990.jpg,The American Wing,Tile,Border Tile,American,,,,,Maker,,J. and J. G. Low Art Tile Works,"American, Chelsea, Massachusetts, 1877–1903",,"Low Art Tile Works, J. and J. G.",,1877,1903,,,http://vocab.getty.edu/page/ulan/500276336,1881,1881.0,1881.0,Earthenware,6 1/16 x 2 1/8 x 3/8 in. (15.4 x 5.4 x 1 cm),"Gift of Mrs. George F. Leonard, 1971",Made in,Chelsea,Massachusetts,,United States,New England,,,,,,,,,2021-04-06T04:41:04.967Z,"Metropolitan Museum of Art, New York, NY",https://www.metmuseum.org/art/collection/search/578,,False,774,Overall,,15.2,,Books,http://vocab.getty.edu/page/aat/300028051,https://www.wikidata.org/wiki/Q571,,1153.0,Maker,United States Pottery Company,,,,,
579.0,False,1971.182.10,1971,True,https://images.metmuseum.org/CRDImages/ad/original/196991.jpg,https://images.metmuseum.org/CRDImages/ad/web-large/196991.jpg,The American Wing,Tile,Border Tile,American,,,,,Maker,,J. and J. G. Low Art Tile Works,"American, Chelsea, Massachusetts, 1877–1903",,"Low Art Tile Works, J. and J. G.",,1877,1903,,,http://vocab.getty.edu/page/ulan/500276336,1881,1881.0,1881.0,Earthenware,6 1/8 x 2 1/8 x 3/8 in. (15.6 x 5.4 x 1 cm),"Gift of Mrs. George F. Leonard, 1971",Made in,Chelsea,Massachusetts,,United States,New England,,,,,,,,,2021-04-06T04:41:04.967Z,"Metropolitan Museum of Art, New York, NY",https://www.metmuseum.org/art/collection/search/579,,False,774,Overall,,15.2,,Books,http://vocab.getty.edu/page/aat/300028051,https://www.wikidata.org/wiki/Q571,,1153.0,Maker,United States Pottery Company,,,,,
580.0,False,1971.182.11,1971,True,https://images.metmuseum.org/CRDImages/ad/original/196992.jpg,https://images.metmuseum.org/CRDImages/ad/web-large/196992.jpg,The American Wing,Tile,Border Tile,American,,,,,Maker,,J. and J. G. Low Art Tile Works,"American, Chelsea, Massachusetts, 1877–1903",,"Low Art Tile Works, J. and J. G.",,1877,1903,,,http://vocab.getty.edu/page/ulan/500276336,1885,1885.0,1885.0,Earthenware,6 1/16 x 2 1/8 x 3/8 in. (15.4 x 5.4 x 1 cm),"Gift of Mrs. George F. Leonard, 1971",Made in,Chelsea,Massachusetts,,United States,New England,,,,,,,,,2021-04-06T04:41:04.967Z,"Metropolitan Museum of Art, New York, NY",https://www.metmuseum.org/art/collection/search/580,,False,774,Overall,,43.4976,,,,,,,,,,,,,
581.0,False,10.122.18,1910,True,https://images.metmuseum.org/CRDImages/ad/original/8319.jpg,https://images.metmuseum.org/CRDImages/ad/web-large/8319.jpg,The American Wing,Bottle,Bottle,"British, probably",,,,,,,,,,,,,,,,,ca. 1812,1809.0,1812.0,Free-blown glass,H. 18 1/2 in. (47 cm),"Rogers Fund, 1910",Probably made in,,,,England,,,,,,,,,,2021-04-06T04:41:04.967Z,"Metropolitan Museum of Art, New York, NY",https://www.metmuseum.org/art/collection/search/581,,False,774,Overall,,43.4976,,,,,,,,,,,,,
582.0,False,10.125.564,1910,False,,,The American Wing,Bottle,Bottle,American,,,,,,,,,,,,,,,,,1800–1900,1800.0,1900.0,Free-blown glass,H. 21 in. (53.3 cm),"Gift of Mrs. Russell Sage, 1909",Made in,,,,United States,,,,,,,,,,2021-04-06T04:41:04.967Z,"Metropolitan Museum of Art, New York, NY",https://www.metmuseum.org/art/collection/search/582,,False,774,Overall,,43.4976,,,,,,,,,,,,,
583.0,False,10.125.565,1910,False,,,The American Wing,Bottle,Bottle,American,,,,,,,,,,,,,,,,,1800–1900,1800.0,1900.0,Free-blown glass,H. 17 1/2 in. (44.5 cm),"Gift of Mrs. Russell Sage, 1909",Made in,,,,United States,,,,,,,,,,2021-04-06T04:41:04.967Z,"Metropolitan Museum of Art, New York, NY",https://www.metmuseum.org/art/collection/search/583,,False,774,Overall,,231.8,124.4602,,,,69.5,,,,,,,145.15105,
584.0,False,10.169,1910,False,,,The American Wing,Bottle,Bottle,American,,,,,,,,,,,,,,,,,1800–1900,1800.0,1900.0,"Earthenware, slip decoration",Diam. 12 1/8 in. (30.8 cm),"Rogers Fund, 1910",,,,,,,,,,,,,,,2021-04-06T04:41:04.967Z,"Metropolitan Museum of Art, New York, NY",https://www.metmuseum.org/art/collection/search/584,,False,774,Overall,,242.6,152.4,,,,55.8801,,,,,,,,
585.0,False,11.87.30,1911,True,https://images.metmuseum.org/CRDImages/ad/original/DT11609.jpg,https://images.metmuseum.org/CRDImages/ad/web-large/DT11609.jpg,The American Wing,Bottle,Bottle,Mexican,,,,,,,,,,,,,,,,,ca. 1800,1797.0,1800.0,Tin-glazed earthenware,H. 7 1/4 in. (18.4 cm),"Gift of Mrs. Robert W. de Forest, 1911",Made in,,,,Mexico,,,,,,,,,,2021-04-06T04:41:04.967Z,"Metropolitan Museum of Art, New York, NY",https://www.metmuseum.org/art/collection/search/585,https://www.wikidata.org/wiki/Q83560023,True,209,Overall,,242.6,152.4,,,,55.8801,,,,,,,,
586.0,False,13.31.13,1913,True,https://images.metmuseum.org/CRDImages/ad/original/15021.jpg,https://images.metmuseum.org/CRDImages/ad/web-large/15021.jpg,The American Wing,Bottle,Bottle,American,,,,,,,,,,,,,,,,,1800–1830,1800.0,1830.0,Free-blown glass,H. 5 7/8 in. (14.9 cm),"Rogers Fund, 1913",Made in,,,,United States,,,,,,,,,,2021-04-06T04:41:04.967Z,"Metropolitan Museum of Art, New York, NY",https://www.metmuseum.org/art/collection/search/586,,False,774,Overall,,242.6,152.4,,,,54.6101,,,,,,,,
587.0,False,13.179.41,1913,True,https://images.metmuseum.org/CRDImages/ad/original/DP241889.jpg,https://images.metmuseum.org/CRDImages/ad/web-large/DP241889.jpg,The American Wing,Bottle,Bottle,,,,,,,,,,,,,,,,,,1700–1800,1700.0,1800.0,Non-lead glass with enamel decoration,H. 5 1/2 in. (14 cm),"Gift of Frederick W. Hunter, 1913",Made in,,,,Czech Republic,Bohemia,,,,,,,,,2021-04-06T04:41:04.967Z,"Metropolitan Museum of Art, New York, NY",https://www.metmuseum.org/art/collection/search/587,,False,774,Overall,,242.6,152.4,,,,54.6101,,,,,,,,
588.0,False,13.179.70a,1913,True,https://images.metmuseum.org/CRDImages/ad/original/DP242324.jpg,https://images.metmuseum.org/CRDImages/ad/web-large/DP242324.jpg,The American Wing,Bottle,Bottle,,,,,,,,,,,,,,,,,,1700–1800,1700.0,1800.0,Non-lead glass with enamel decoration,H. 7 1/4 in. (18.4 cm),"Gift of Frederick W. Hunter, 1913",Made in,,,,Czech Republic,Bohemia,,,,,,,,,2021-04-06T04:41:04.967Z,"Metropolitan Museum of Art, New York, NY",https://www.metmuseum.org/art/collection/search/588,,False,774,Overall,,16.5,17.8,Women,http://vocab.getty.edu/page/aat/300025943,https://www.wikidata.org/wiki/Q467,,,,,,,,,
589.0,False,"13.179.132a, b",1913,True,https://images.metmuseum.org/CRDImages/ad/original/DP243688.jpg,https://images.metmuseum.org/CRDImages/ad/web-large/DP243688.jpg,The American Wing,Bottle,Bottle,,,,,,,,,,,,,,,,,,1770–1820,1770.0,1820.0,Non-lead glass with engraved decoration,H. 7 in. (17.8 cm),"Gift of Frederick W. Hunter, 1913",Probably made in,,,,Czech Republic,Bohemia,,,,,,,,,2021-04-06T04:41:04.967Z,"Metropolitan Museum of Art, New York, NY",https://www.metmuseum.org/art/collection/search/589,,False,774,Overall,,16.5,17.8,Reading,http://vocab.getty.edu/page/aat/300248178,https://www.wikidata.org/wiki/Q199657,,,,,,,,,
590.0,False,13.179.202,1913,True,https://images.metmuseum.org/CRDImages/ad/original/DP243699.jpg,https://images.metmuseum.org/CRDImages/ad/web-large/DP243699.jpg,The American Wing,Bottle,Bottle,,,,,,,,,,,,,,,,,,1763–79,1763.0,1779.0,Non-lead glass with enamel decoration,H. 5 3/4 in. (14.6 cm),"Gift of Frederick W. Hunter, 1913",Made in,,,,Czech Republic,Bohemia,,,,,,,,,2021-04-06T04:41:04.967Z,"Metropolitan Museum of Art, New York, NY",https://www.metmuseum.org/art/collection/search/590,,False,774,Overall,,16.5,17.8,Women,http://vocab.getty.edu/page/aat/300025943,https://www.wikidata.org/wiki/Q467,,,,,,,,,
591.0,False,"14.74.14a, b",1914,True,https://images.metmuseum.org/CRDImages/ad/original/22990.jpg,https://images.metmuseum.org/CRDImages/ad/web-large/22990.jpg,The American Wing,Bottle,Bottle,American,,,,,,,,,,,,,,,,,1820–40,1820.0,1840.0,Blown molded glass,H. 6 in. (15.2 cm),"Gift of Frederick W. Hunter, 1914",Made in,,,,United States,,,,,,,,,,2021-04-06T04:41:04.967Z,"Metropolitan Museum of Art, New York, NY",https://www.metmuseum.org/art/collection/search/591,,False,774,Overall,,16.5,17.8,Reading,http://vocab.getty.edu/page/aat/300248178,https://www.wikidata.org/wiki/Q199657,,,,,,,,,
592.0,False,14.120.12,1914,True,https://images.metmuseum.org/CRDImages/ad/original/26003.jpg,https://images.metmuseum.org/CRDImages/ad/web-large/26003.jpg,The American Wing,Bottle,Bottle,,,,,,,,,,,,,,,,,,1700–1800,1700.0,1800.0,"Non-lead glass with enamel decoration, pewter",H. 5 5/8 in. (14.3 cm),"Gift of Frederick W. Hunter, 1914",Made in,,,,Czech Republic,Bohemia,,,,,,,,,2021-04-06T04:41:04.967Z,"Metropolitan Museum of Art, New York, NY",https://www.metmuseum.org/art/collection/search/592,,False,774,Overall,,16.5,17.8,Women,http://vocab.getty.edu/page/aat/300025943,https://www.wikidata.org/wiki/Q467,,,,,,,,,
593.0,False,14.120.13,1914,True,https://images.metmuseum.org/CRDImages/ad/original/26004.jpg,https://images.metmuseum.org/CRDImages/ad/web-large/26004.jpg,The American Wing,Bottle,Bottle,American,,,,,,,,,,,,,,,,,1800–1820,1800.0,1820.0,Blown pattern-molded lead glass,H. 4 1/4 in. (10.8 cm),"Gift of Frederick W. Hunter, 1914",Probably made in,,,,United States,Midwest,,,,,,,,,2021-04-06T04:41:04.967Z,"Metropolitan Museum of Art, New York, NY",https://www.metmuseum.org/art/collection/search/593,,False,774,Overall,,16.5,17.8,Reading,http://vocab.getty.edu/page/aat/300248178,https://www.wikidata.org/wiki/Q199657,,,,,,,,,
594.0,False,15.79.10,1915,True,https://images.metmuseum.org/CRDImages/ad/original/DP259104.jpg,https://images.metmuseum.org/CRDImages/ad/web-large/DP259104.jpg,The American Wing,Bottle,Bottle,American,,,,,,,,,,,,,,,,,1800–1830,1800.0,1830.0,Earthenware,6 1/8 x 2 1/2 in. (15.6 x 6.4 cm),"Gift of Charles M. Baldwin, 1915",Made in,Norwich,Connecticut,,United States,New England,,,,,,,,,2021-04-06T04:41:04.967Z,"Metropolitan Museum of Art, New York, NY",https://www.metmuseum.org/art/collection/search/594,,False,774,Other,,8.89,,Boots,http://vocab.getty.edu/page/aat/300046057,https://www.wikidata.org/wiki/Q190868,,1226.0,Maker,"Challinor, Taylor and Company",,,,,5.2388
595.0,False,18.95.1,1918,True,https://images.metmuseum.org/CRDImages/ad/original/DP208831.jpg,https://images.metmuseum.org/CRDImages/ad/web-large/DP208831.jpg,The American Wing,Ring bottle,Ring bottle,American,,,,,,,,,,,,,,,,,1820–30,1820.0,1830.0,Earthenware,H. 12 1/8 in. (30.8 cm),"Rogers Fund, 1918",Probably made in,,,,United States,Southern,,,,,,,,,2021-04-06T04:41:04.967Z,"Metropolitan Museum of Art, New York, NY",https://www.metmuseum.org/art/collection/search/595,,False,704,Other,,8.89,,Boots,http://vocab.getty.edu/page/aat/300046057,https://www.wikidata.org/wiki/Q190868,,1226.0,Maker,"Challinor, Taylor and Company",,,,,5.2388
596.0,False,18.95.2,1918,True,https://images.metmuseum.org/CRDImages/ad/original/DP259103.jpg,https://images.metmuseum.org/CRDImages/ad/web-large/DP259103.jpg,The American Wing,Ring bottle,Ring bottle,American,,,,,,,,,,,,,,,,,1800–1830,1800.0,1830.0,Earthenware with slip decoration,H. 8 1/2 in. (21.6 cm),"Rogers Fund, 1918",,,,,,,,,,,,,,,2021-04-06T04:41:04.967Z,"Metropolitan Museum of Art, New York, NY",https://www.metmuseum.org/art/collection/search/596,,False,774,Overall,,5.4,15.2,,,,1.0,1227.0,Maker,J. and J. G. Low Art Tile Works,http://vocab.getty.edu/page/ulan/500276336,,,,
597.0,False,20.109.18,1920,True,https://images.metmuseum.org/CRDImages/ad/original/DP208832.jpg,https://images.metmuseum.org/CRDImages/ad/web-large/DP208832.jpg,The American Wing,Bottle,Bottle,American,,,,,,,,,,,,,,,,,1820–50,1820.0,1850.0,Earthenware,H. 5 1/2 in. (14 cm),"Gift of Robert Macauley Jackson, 1920",Made in,,,,United States,Southern,,,,,,,,,2021-04-06T04:41:04.967Z,"Metropolitan Museum of Art, New York, NY",https://www.metmuseum.org/art/collection/search/597,,False,704,Overall,,5.6,15.6,,,,1.0,1227.0,Maker,J. and J. G. Low Art Tile Works,http://vocab.getty.edu/page/ulan/500276336,,,,
598.0,False,26.277,1926,True,https://images.metmuseum.org/CRDImages/ad/original/DP259100.jpg,https://images.metmuseum.org/CRDImages/ad/web-large/DP259100.jpg,The American Wing,Bottle,Bottle,American,,,,,,,,,,,,,,,,,1770–1830,1770.0,1830.0,Earthenware,H. 6 1/4 in. (15.9 cm),"Gift of Mrs. Barclay Ward, 1926",Possibly made in,,New York,Long Island,United States,Mid-Atlantic,,,,,,,,,2021-04-06T04:41:04.967Z,"Metropolitan Museum of Art, New York, NY",https://www.metmuseum.org/art/collection/search/598,,False,774,Overall,,5.6,15.7,,,,1.1,1227.0,Maker,J. and J. G. Low Art Tile Works,http://vocab.getty.edu/page/ulan/500276336,,,,
599.0,False,30.120.297,1930,True,https://images.metmuseum.org/CRDImages/ad/original/80766.jpg,https://images.metmuseum.org/CRDImages/ad/web-large/80766.jpg,The American Wing,Bottle,Bottle,American,,,,,,,,,,,,,,,,,1820–40,1820.0,1840.0,Blown molded glass,H. 6 1/4 in. (15.9 cm),"The Sylmaris Collection, Gift of George Coe Graves, 1930",Made in,,,,United States,,,,,,,,,,2021-06-22T04:40:18.937Z,"Metropolitan Museum of Art, New York, NY",https://www.metmuseum.org/art/collection/search/599,,False,774,Overall,,5.6,15.6,,,,1.1,1227.0,Maker,J. and J. G. Low Art Tile Works,http://vocab.getty.edu/page/ulan/500276336,,,,
600.0,False,37.107.1,1937,True,https://images.metmuseum.org/CRDImages/ad/original/111781.jpg,https://images.metmuseum.org/CRDImages/ad/web-large/111781.jpg,The American Wing,Sack bottle,Sack bottle,British,,,,,Maker,,Lambeth Factories,,,"Lambeth, Factories",,,9999,,,,ca. 1644,1641.0,1644.0,Tin-enameled earthenware,H. 8 in. (20.3 cm),"Gift of Mrs. Paul Moore, 1937",Made in,,,,England,,,,,,,,,,2021-06-30T04:39:57.037Z,"Metropolitan Museum of Art, New York, NY",https://www.metmuseum.org/art/collection/search/600,,False,,Overall,,5.5,15.6,,,,1.0,1227.0,Maker,J. and J. G. Low Art Tile Works,http://vocab.getty.edu/page/ulan/500276336,,,,
601.0,False,38.78.3,1938,True,https://images.metmuseum.org/CRDImages/ad/original/ADA4318.jpg,https://images.metmuseum.org/CRDImages/ad/web-large/ADA4318.jpg,The American Wing,Bottle,Bottle,American,,,,,,,,,,,,,,,,,1820–40,1820.0,1840.0,Blown molded glass,H. 8 in. (20.3 cm),"Rogers Fund, 1938",Made in,Zanesville,Ohio,,United States,Midwest,,,,,,,,,2021-04-06T04:41:04.967Z,"Metropolitan Museum of Art, New York, NY",https://www.metmuseum.org/art/collection/search/601,,False,774,Overall,,5.4,15.2,,,,0.8,1227.0,Maker,J. and J. G. Low Art Tile Works,http://vocab.getty.edu/page/ulan/500276336,,,,
602.0,False,"38.87.1a, b",1938,True,https://images.metmuseum.org/CRDImages/ad/original/DP-16170-019.jpg,https://images.metmuseum.org/CRDImages/ad/web-large/DP-16170-019.jpg,The American Wing,Bottle,Bottle,Chinese,,,,,,,,,,,,,,,,,1825–45,1825.0,1845.0,Porcelain,H. 22 1/2 in. (57.2 cm); Diam. 8 1/2 in. (21.6 cm),"Gift of Mrs. Henry M. Ferriday, 1938",Made in,,,,China,,,,,,,,,,2021-04-06T04:41:04.967Z,"Metropolitan Museum of Art, New York, NY",https://www.metmuseum.org/art/collection/search/602,,False,729,Overall,,15.6,5.6,,,,1.0,1227.0,Maker,J. and J. G. Low Art Tile Works,http://vocab.getty.edu/page/ulan/500276336,,,,
603.0,False,40.150.1,1940,True,https://images.metmuseum.org/CRDImages/ad/original/DP242979.jpg,https://images.metmuseum.org/CRDImages/ad/web-large/DP242979.jpg,The American Wing,Bottle,Bottle,American,,,,,,,,,,,,,,,,,1820–40,1820.0,1840.0,Blown pattern-molded glass,H. 8 3/8 in. (21.3 cm),"Bequest of Constance R. Brown, 1939",Possibly made in,Zanesville,Ohio,,United States,Midwest,,,,,,,,,2021-04-06T04:41:04.967Z,"Metropolitan Museum of Art, New York, NY",https://www.metmuseum.org/art/collection/search/603,,False,774,Overall,,15.6,5.4,,,,1.0,1227.0,Maker,J. and J. G. Low Art Tile Works,http://vocab.getty.edu/page/ulan/500276336,,,,
604.0,False,40.150.2,1940,True,https://images.metmuseum.org/CRDImages/ad/original/DP242973.jpg,https://images.metmuseum.org/CRDImages/ad/web-large/DP242973.jpg,The American Wing,Bottle,Bottle,American,,,,,,,,,,,,,,,,,1820–40,1820.0,1840.0,Blown pattern-molded glass,H. 7 3/8 in. (18.7 cm),"Bequest of Constance R. Brown, 1939",Possibly made in,Zanesville,Ohio,,United States,Midwest,,,,,,,,,2021-04-06T04:41:04.967Z,"Metropolitan Museum of Art, New York, NY",https://www.metmuseum.org/art/collection/search/604,,False,774,Overall,,15.6,5.6,,,,0.8,1227.0,Maker,J. and J. G. Low Art Tile Works,http://vocab.getty.edu/page/ulan/500276336,,,,
605.0,False,40.150.55,1940,True,https://images.metmuseum.org/CRDImages/ad/original/DP207118.jpg,https://images.metmuseum.org/CRDImages/ad/web-large/DP207118.jpg,The American Wing,Flask,Figured flask,American,,,,,,,,,,,,,,,,,1820–30,1820.0,1830.0,Blown-molded glass,H. 6 5/8 in. (16.8 cm),"Bequest of Constance R. Brown, 1939",Made in,,,,United States,,,,,,,,,,2021-04-06T04:41:04.967Z,"Metropolitan Museum of Art, New York, NY",https://www.metmuseum.org/art/collection/search/605,,False,706,Overall,,15.6,5.6,,,,1.0,1227.0,Maker,J. and J. G. Low Art Tile Works,http://vocab.getty.edu/page/ulan/500276336,,,,
606.0,False,40.150.77,1940,False,,,The American Wing,Bottle,Bottle,American,,,,,,,,,,,,,,,,,19th century,1800.0,1900.0,Free-blown glass,H. 6 3/4 in. (17.1 cm),"Bequest of Constance R. Brown, 1939",Made in,,,,United States,,,,,,,,,,2021-04-06T04:41:04.967Z,"Metropolitan Museum of Art, New York, NY",https://www.metmuseum.org/art/collection/search/606,,False,774,Overall,,15.6,5.4,,,,1.0,1227.0,Maker,J. and J. G. Low Art Tile Works,http://vocab.getty.edu/page/ulan/500276336,,,,
607.0,False,40.150.78,1940,False,,,The American Wing,Bottle,Bottle,American,,,,,,,,,,,,,,,,,19th century,1800.0,1900.0,Blown pattern-molded glass,H. 5 1/4 in. (13.3 cm),"Bequest of Constance R. Brown, 1939",Made in,,,,United States,,,,,,,,,,2021-04-06T04:41:04.967Z,"Metropolitan Museum of Art, New York, NY",https://www.metmuseum.org/art/collection/search/607,,False,774,Overall,,15.7,5.6,,,,1.0,1227.0,Maker,J. and J. G. Low Art Tile Works,http://vocab.getty.edu/page/ulan/500276336,,,,
608.0,False,40.150.83,1940,True,https://images.metmuseum.org/CRDImages/ad/original/DP243692.jpg,https://images.metmuseum.org/CRDImages/ad/web-large/DP243692.jpg,The American Wing,Bottle,Bottle,American,,,,,,,,,,,,,,,,,1800–1830,1800.0,1830.0,Blown pattern-molded glass,H. 3 3/8 in. (8.6 cm),"Bequest of Constance R. Brown, 1939",Possibly made in,New Geneva,Ohio,,United States,Midwest,,,,,,,,,2021-04-06T04:41:04.967Z,"Metropolitan Museum of Art, New York, NY",https://www.metmuseum.org/art/collection/search/608,,False,774,Overall,,15.4,5.4,,,,1.0,1227.0,Maker,J. and J. G. Low Art Tile Works,http://vocab.getty.edu/page/ulan/500276336,,,,
609.0,False,40.150.84,1940,False,,,The American Wing,Bottle,Bottle,American,,,,,,,,,,,,,,,,,19th century,1800.0,1900.0,Free-blown glass,H. 2 3/8 in. (6 cm),"Bequest of Constance R. Brown, 1939",Made in,,,,United States,,,,,,,,,,2021-04-06T04:41:04.967Z,"Metropolitan Museum of Art, New York, NY",https://www.metmuseum.org/art/collection/search/609,,False,,Overall,,15.6,5.4,,,,1.0,1227.0,Maker,J. and J. G. Low Art Tile Works,http://vocab.getty.edu/page/ulan/500276336,,,,
610.0,False,40.150.88,1940,True,https://images.metmuseum.org/CRDImages/ad/original/DP242914.jpg,https://images.metmuseum.org/CRDImages/ad/web-large/DP242914.jpg,The American Wing,Flask,Scroll flask,American,,,,,,,,,,,,,,,,,1840–50,1840.0,1850.0,Free-blown molded aquamarine glass,H. 8 3/4 in. (22.2 cm),"Bequest of Constance R. Brown, 1939",Made in,,Pennsylvania,,United States,Mid-Atlantic,,,,,,,,,2021-04-06T04:41:04.967Z,"Metropolitan Museum of Art, New York, NY",https://www.metmuseum.org/art/collection/search/610,,False,774,Overall,,15.4,5.4,,,,1.0,1227.0,Maker,J. and J. G. Low Art Tile Works,http://vocab.getty.edu/page/ulan/500276336,,,,
611.0,False,40.150.108,1940,False,,,The American Wing,Bottle,Bottle,American,,,,,,,,,,,,,,,,,1850–1900,1850.0,1900.0,Free-blown molded amber glass,H. 9 7/8 in. (25.1 cm),"Bequest of Constance R. Brown, 1939",Made in,,,,United States,,,,,,,,,,2021-04-06T04:41:04.967Z,"Metropolitan Museum of Art, New York, NY",https://www.metmuseum.org/art/collection/search/611,,False,774,Overall,,47.0,,,,,,,,,,,,,
612.0,False,40.150.124,1940,True,https://images.metmuseum.org/CRDImages/ad/original/DP243695.jpg,https://images.metmuseum.org/CRDImages/ad/web-large/DP243695.jpg,The American Wing,Bottle,Bottle,,,,,,,,,,,,,,,,,,ca. 1875,1872.0,1875.0,Free-blown molded glass,H. 8 1/8 in. (20.6 cm),"Bequest of Constance R. Brown, 1939",,,,,,,,,,,,,,,2021-04-06T04:41:04.967Z,"Metropolitan Museum of Art, New York, NY",https://www.metmuseum.org/art/collection/search/612,,False,774,Overall,,53.3,,,,,,,,,,,,,
613.0,False,40.150.128,1940,False,,,The American Wing,Bottle,Bottle,,,,,,,,,,,,,,,,,,1850–1900,1850.0,1900.0,Pressed opaque white glass,H. 2 1/2 in. (6.4 cm),"Bequest of Constance R. Brown, 1939",,,,,,,,,,,,,,,2021-04-06T04:41:04.967Z,"Metropolitan Museum of Art, New York, NY",https://www.metmuseum.org/art/collection/search/613,,False,774,Overall,,44.5,,,,,,,,,,,,,
614.0,False,40.150.305,1940,True,https://images.metmuseum.org/CRDImages/ad/original/123809.jpg,https://images.metmuseum.org/CRDImages/ad/web-large/123809.jpg,The American Wing,Bottle,Bottle,American,,,,,,,,,,,,,,,,,1700–1800,1700.0,1800.0,Free-blown glass,H. 4 in. (10.2 cm),"Bequest of Constance R. Brown, 1939",Made in,,,,United States,,,,,,,,,,2021-04-06T04:41:04.967Z,"Metropolitan Museum of Art, New York, NY",https://www.metmuseum.org/art/collection/search/614,,False,774,Other,Object diameter,,,,,,,,,,,,,,30.8
615.0,False,40.150.306,1940,True,https://images.metmuseum.org/CRDImages/ad/original/DP243694.jpg,https://images.metmuseum.org/CRDImages/ad/web-large/DP243694.jpg,The American Wing,Bottle,Bottle,American,,,,,,,,,,,,,,,,,1700–1800,1700.0,1800.0,Free-blown glass,H. 4 1/8 in. (10.5 cm),"Bequest of Constance R. Brown, 1939",Made in,,,,United States,,,,,,,,,,2021-04-06T04:41:04.967Z,"Metropolitan Museum of Art, New York, NY",https://www.metmuseum.org/art/collection/search/615,,False,774,Overall,,18.4,,,,,,,,,,,,,
616.0,False,42.20.2,1942,True,https://images.metmuseum.org/CRDImages/ad/original/126489.jpg,https://images.metmuseum.org/CRDImages/ad/web-large/126489.jpg,The American Wing,Bottle,Bottle,American,,,,,,,,,,,,,,,,,ca. 1820,1817.0,1820.0,Blown pattern-molded glass,H. 4 3/8 in. (11.1 cm),"Rogers Fund, 1942",Made in,,,,United States,Midwest,,,,,,,,,2021-04-06T04:41:04.967Z,"Metropolitan Museum of Art, New York, NY",https://www.metmuseum.org/art/collection/search/616,,False,774,Overall,,14.9,,,,,,,,,,,,,
617.0,False,52.77.9,1952,True,https://images.metmuseum.org/CRDImages/ad/original/DP243768.jpg,https://images.metmuseum.org/CRDImages/ad/web-large/DP243768.jpg,The American Wing,Bottle,Bottle,British,,,,,,,,,,,,,,,,,ca. 1760,1757.0,1760.0,Opaque glass with enamel decoration,H. 3 1/2 in. (8.9 cm),"Bequest of Mrs. J. Insley Blair, 1951",Probably made in,Bristol,,Bristol,England,South West England,,,,,,,,,2021-04-06T04:41:04.967Z,"Metropolitan Museum of Art, New York, NY",https://www.metmuseum.org/art/collection/search/617,,False,774,Overall,,14.0,,Flowers,http://vocab.getty.edu/page/aat/300132399,https://www.wikidata.org/wiki/Q506,,,,,,,,,
618.0,False,52.77.10,1952,True,https://images.metmuseum.org/CRDImages/ad/original/DP243777.jpg,https://images.metmuseum.org/CRDImages/ad/web-large/DP243777.jpg,The American Wing,Bottle,Bottle,British,,,,,,,,,,,,,,,,,18th century,1700.0,1800.0,Painted glass,H. 5 in. (12.7 cm),"Bequest of Mrs. J. Insley Blair, 1951",Probably made in,Bristol,,Bristol,England,South West England,,,,,,,,,2021-04-06T04:41:04.967Z,"Metropolitan Museum of Art, New York, NY",https://www.metmuseum.org/art/collection/search/618,,False,774,Overall,,18.4,,Flowers,http://vocab.getty.edu/page/aat/300132399,https://www.wikidata.org/wiki/Q506,,,,,,,,,
619.0,False,52.77.12,1952,True,https://images.metmuseum.org/CRDImages/ad/original/DP243794.jpg,https://images.metmuseum.org/CRDImages/ad/web-large/DP243794.jpg,The American Wing,Bottle,Bottle,British,,,,,,,,,,,,,,,,,ca. 1760,1757.0,1760.0,Opaque glass with enamel decoration,H. 4 3/4 in. (12.1 cm),"Bequest of Mrs. J. Insley Blair, 1951",Made in,,,,England,,,,,,,,,,2021-04-06T04:41:04.967Z,"Metropolitan Museum of Art, New York, NY",https://www.metmuseum.org/art/collection/search/619,,False,774,Overall,,17.8,,,,,,,,,,,,,
620.0,False,52.77.35,1952,True,https://images.metmuseum.org/CRDImages/ad/original/DP244527.jpg,https://images.metmuseum.org/CRDImages/ad/web-large/DP244527.jpg,The American Wing,Bottle,Bottle,British,,,,,,,,,,,,,,,,,ca. 1760,1757.0,1760.0,Opaque glass with enamel decoration,H. 4 in. (10.2 cm),"Bequest of Mrs. J. Insley Blair, 1951",Probably made in,Bristol,,Bristol,England,South West England,,,,,,,,,2021-04-06T04:41:04.967Z,"Metropolitan Museum of Art, New York, NY",https://www.metmuseum.org/art/collection/search/620,,False,774,Overall,,14.6,,Flowers,http://vocab.getty.edu/page/aat/300132399,https://www.wikidata.org/wiki/Q506,,,,,,,,,
621.0,False,52.77.36,1952,True,https://images.metmuseum.org/CRDImages/ad/original/DP244095.jpg,https://images.metmuseum.org/CRDImages/ad/web-large/DP244095.jpg,The American Wing,Bottle,Bottle,British,,,,,,,,,,,,,,,,,ca. 1760,1757.0,1760.0,Opaque glass with enamel decoration,H. 4 5/16 in. (11 cm),"Bequest of Mrs. J. Insley Blair, 1951",Probably made in,Bristol,,Bristol,England,South West England,,,,,,,,,2021-04-06T04:41:04.967Z,"Metropolitan Museum of Art, New York, NY",https://www.metmuseum.org/art/collection/search/621,,False,774,Overall,,15.2,,,,,,,,,,,,,
622.0,False,52.77.41,1952,True,https://images.metmuseum.org/CRDImages/ad/original/DP244100.jpg,https://images.metmuseum.org/CRDImages/ad/web-large/DP244100.jpg,The American Wing,Bottle,Bottle,British,,,,,,,,,,,,,,,,,1760–70,1760.0,1770.0,Opaque glass,H. 5 1/8 in. (13 cm),"Bequest of Mrs. J. Insley Blair, 1951",Probably made in,Bristol,,Bristol,England,South West England,,,,,,,,,2021-04-06T04:41:04.967Z,"Metropolitan Museum of Art, New York, NY",https://www.metmuseum.org/art/collection/search/622,,False,774,Overall,,14.3,,Birds,http://vocab.getty.edu/page/aat/300266506,https://www.wikidata.org/wiki/Q5113,,,,,,,,,
623.0,False,52.77.42,1952,True,https://images.metmuseum.org/CRDImages/ad/original/DP244572.jpg,https://images.metmuseum.org/CRDImages/ad/web-large/DP244572.jpg,The American Wing,Bottle,Bottle,British,,,,,,,,,,,,,,,,,ca. 1760,1757.0,1760.0,Opaque glass with enamel decoration,H. 3 3/8 in. (8.6 cm),"Bequest of Mrs. J. Insley Blair, 1951",Probably made in,Bristol,,Bristol,England,South West England,,,,,,,,,2021-04-06T04:41:04.967Z,"Metropolitan Museum of Art, New York, NY",https://www.metmuseum.org/art/collection/search/623,,False,774,Overall,,14.3,,Flowers,http://vocab.getty.edu/page/aat/300132399,https://www.wikidata.org/wiki/Q506,,,,,,,,,
624.0,False,52.77.43,1952,True,https://images.metmuseum.org/CRDImages/ad/original/DP244573.jpg,https://images.metmuseum.org/CRDImages/ad/web-large/DP244573.jpg,The American Wing,Bottle,Bottle,British,,,,,,,,,,,,,,,,,1760–70,1760.0,1770.0,Opaque glass with enamel decoration,H. 4 1/8 in. (10.5 cm),"Bequest of Mrs. J. Insley Blair, 1951",Probably made in,Bristol,,Bristol,England,South West England,,,,,,,,,2021-04-06T04:41:04.967Z,"Metropolitan Museum of Art, New York, NY",https://www.metmuseum.org/art/collection/search/624,,False,774,Overall,,10.8,,,,,,,,,,,,,
625.0,False,1980.502.72,1980,True,https://images.metmuseum.org/CRDImages/ad/original/DP206753.jpg,https://images.metmuseum.org/CRDImages/ad/web-large/DP206753.jpg,The American Wing,Bottle,Bottle,American,,,,,,,,,,,,,,,,,1815–45,1815.0,1815.0,"Blown, pattern-molded glass",H. 8 in. (20.3 cm),"Gift of Henry G. Schiff, 1980",Possibly made in,,Pennsylvania,,United States,Mid-Atlantic,,,,,,,,,2021-04-06T04:41:04.967Z,"Metropolitan Museum of Art, New York, NY",https://www.metmuseum.org/art/collection/search/625,,False,706,Overall,,15.6,6.4,,,,,,,,,,,,
626.0,False,1980.502.75,1980,True,https://images.metmuseum.org/CRDImages/ad/original/DP206751.jpg,https://images.metmuseum.org/CRDImages/ad/web-large/DP206751.jpg,The American Wing,Bottle,Bottle,American,,,,,,,,,,,,,,,,,1815–45,1815.0,1815.0,"Blown, pattern-molded glass",H. 8 in. (20.3 cm),"Gift of Henry G. Schiff, 1980",Possibly made in,,Pennsylvania,,United States,Mid-Atlantic,,,,,,,,,2021-04-06T04:41:04.967Z,"Metropolitan Museum of Art, New York, NY",https://www.metmuseum.org/art/collection/search/626,,False,706,Overall,,30.8,,,,,,,,,,,,,
627.0,False,1980.502.77,1980,True,https://images.metmuseum.org/CRDImages/ad/original/DP206767.jpg,https://images.metmuseum.org/CRDImages/ad/web-large/DP206767.jpg,The American Wing,Bottle,Bottle,American,,,,,,,,,,,,,,,,,1810–30,1810.0,1810.0,"Blown, pattern-molded glass",H. 8 1/2 in. (21.6 cm),"Gift of Henry G. Schiff, 1980",Possibly made in,,Pennsylvania,,United States,Mid-Atlantic,,,,,,,,,2021-04-06T04:41:04.967Z,"Metropolitan Museum of Art, New York, NY",https://www.metmuseum.org/art/collection/search/627,,False,706,Overall,,21.6,,,,,,,,,,,,,
,,,,,,,,,,,,,,,,,,,,,,,,,,,,,,,,,,,,,,,,,,,,,,,,,,,,,Overall,,14.0,,Heads,http://vocab.getty.edu/page/aat/300375054,https://www.wikidata.org/wiki/Q3409626,,,,,,,,,
,,,,,,,,,,,,,,,,,,,,,,,,,,,,,,,,,,,,,,,,,,,,,,,,,,,,,Overall,,14.0,,Heads,http://vocab.getty.edu/page/aat/300375054,https://www.wikidata.org/wiki/Q3409626,,,,,,,,,
,,,,,,,,,,,,,,,,,,,,,,,,,,,,,,,,,,,,,,,,,,,,,,,,,,,,,Overall,,15.9,,,,,,,,,,,,,
,,,,,,,,,,,,,,,,,,,,,,,,,,,,,,,,,,,,,,,,,,,,,,,,,,,,,Overall,,15.9,,,,,,,,,,,,,
,,,,,,,,,,,,,,,,,,,,,,,,,,,,,,,,,,,,,,,,,,,,,,,,,,,,,Overall,,20.3,,,,,,4397.0,Maker,Lambeth Factories,,,,,
,,,,,,,,,,,,,,,,,,,,,,,,,,,,,,,,,,,,,,,,,,,,,,,,,,,,,Overall,,20.3,,,,,,,,,,,,,
,,,,,,,,,,,,,,,,,,,,,,,,,,,,,,,,,,,,,,,,,,,,,,,,,,,,,Other,,57.1501,,Men,http://vocab.getty.edu/page/aat/300025928,https://www.wikidata.org/wiki/Q8441,,,,,,,,,21.59
,,,,,,,,,,,,,,,,,,,,,,,,,,,,,,,,,,,,,,,,,,,,,,,,,,,,,Other,,57.1501,,Women,http://vocab.getty.edu/page/aat/300025943,https://www.wikidata.org/wiki/Q467,,,,,,,,,21.59
,,,,,,,,,,,,,,,,,,,,,,,,,,,,,,,,,,,,,,,,,,,,,,,,,,,,,Other,,57.1501,,Horses,http://vocab.getty.edu/page/aat/300250148,https://www.wikidata.org/wiki/Q726,,,,,,,,,21.59
,,,,,,,,,,,,,,,,,,,,,,,,,,,,,,,,,,,,,,,,,,,,,,,,,,,,,Other,,57.1501,,Musicians,http://vocab.getty.edu/page/aat/300025666,https://www.wikidata.org/wiki/Q639669,,,,,,,,,21.59
,,,,,,,,,,,,,,,,,,,,,,,,,,,,,,,,,,,,,,,,,,,,,,,,,,,,,Other,,57.1501,,Flowers,http://vocab.getty.edu/page/aat/300132399,https://www.wikidata.org/wiki/Q506,,,,,,,,,21.59
,,,,,,,,,,,,,,,,,,,,,,,,,,,,,,,,,,,,,,,,,,,,,,,,,,,,,Other,,57.1501,,Men,http://vocab.getty.edu/page/aat/300025928,https://www.wikidata.org/wiki/Q8441,,,,,,,,,21.59
,,,,,,,,,,,,,,,,,,,,,,,,,,,,,,,,,,,,,,,,,,,,,,,,,,,,,Other,,57.1501,,Women,http://vocab.getty.edu/page/aat/300025943,https://www.wikidata.org/wiki/Q467,,,,,,,,,21.59
,,,,,,,,,,,,,,,,,,,,,,,,,,,,,,,,,,,,,,,,,,,,,,,,,,,,,Other,,57.1501,,Horses,http://vocab.getty.edu/page/aat/300250148,https://www.wikidata.org/wiki/Q726,,,,,,,,,21.59
,,,,,,,,,,,,,,,,,,,,,,,,,,,,,,,,,,,,,,,,,,,,,,,,,,,,,Other,,57.1501,,Musicians,http://vocab.getty.edu/page/aat/300025666,https://www.wikidata.org/wiki/Q639669,,,,,,,,,21.59
,,,,,,,,,,,,,,,,,,,,,,,,,,,,,,,,,,,,,,,,,,,,,,,,,,,,,Other,,57.1501,,Flowers,http://vocab.getty.edu/page/aat/300132399,https://www.wikidata.org/wiki/Q506,,,,,,,,,21.59
,,,,,,,,,,,,,,,,,,,,,,,,,,,,,,,,,,,,,,,,,,,,,,,,,,,,,Other,,57.1501,,Men,http://vocab.getty.edu/page/aat/300025928,https://www.wikidata.org/wiki/Q8441,,,,,,,,,21.59
,,,,,,,,,,,,,,,,,,,,,,,,,,,,,,,,,,,,,,,,,,,,,,,,,,,,,Other,,57.1501,,Women,http://vocab.getty.edu/page/aat/300025943,https://www.wikidata.org/wiki/Q467,,,,,,,,,21.59
,,,,,,,,,,,,,,,,,,,,,,,,,,,,,,,,,,,,,,,,,,,,,,,,,,,,,Other,,57.1501,,Horses,http://vocab.getty.edu/page/aat/300250148,https://www.wikidata.org/wiki/Q726,,,,,,,,,21.59
,,,,,,,,,,,,,,,,,,,,,,,,,,,,,,,,,,,,,,,,,,,,,,,,,,,,,Other,,57.1501,,Musicians,http://vocab.getty.edu/page/aat/300025666,https://www.wikidata.org/wiki/Q639669,,,,,,,,,21.59
,,,,,,,,,,,,,,,,,,,,,,,,,,,,,,,,,,,,,,,,,,,,,,,,,,,,,Other,,57.1501,,Flowers,http://vocab.getty.edu/page/aat/300132399,https://www.wikidata.org/wiki/Q506,,,,,,,,,21.59
,,,,,,,,,,,,,,,,,,,,,,,,,,,,,,,,,,,,,,,,,,,,,,,,,,,,,Overall,,21.3,,,,,,,,,,,,,
,,,,,,,,,,,,,,,,,,,,,,,,,,,,,,,,,,,,,,,,,,,,,,,,,,,,,Overall,,18.7,,,,,,,,,,,,,
,,,,,,,,,,,,,,,,,,,,,,,,,,,,,,,,,,,,,,,,,,,,,,,,,,,,,Overall,,16.8,,,,,,,,,,,,,
,,,,,,,,,,,,,,,,,,,,,,,,,,,,,,,,,,,,,,,,,,,,,,,,,,,,,Overall,,17.1,,,,,,,,,,,,,
,,,,,,,,,,,,,,,,,,,,,,,,,,,,,,,,,,,,,,,,,,,,,,,,,,,,,Overall,,13.3,,,,,,,,,,,,,
,,,,,,,,,,,,,,,,,,,,,,,,,,,,,,,,,,,,,,,,,,,,,,,,,,,,,Overall,,8.6,,,,,,,,,,,,,
,,,,,,,,,,,,,,,,,,,,,,,,,,,,,,,,,,,,,,,,,,,,,,,,,,,,,Overall,,6.0,,,,,,,,,,,,,
,,,,,,,,,,,,,,,,,,,,,,,,,,,,,,,,,,,,,,,,,,,,,,,,,,,,,Overall,,22.2,,,,,,,,,,,,,
,,,,,,,,,,,,,,,,,,,,,,,,,,,,,,,,,,,,,,,,,,,,,,,,,,,,,Overall,,25.1,,Fish,http://vocab.getty.edu/page/aat/300266085,https://www.wikidata.org/wiki/Q152,,,,,,,,,
,,,,,,,,,,,,,,,,,,,,,,,,,,,,,,,,,,,,,,,,,,,,,,,,,,,,,Overall,,20.6,,,,,,,,,,,,,
,,,,,,,,,,,,,,,,,,,,,,,,,,,,,,,,,,,,,,,,,,,,,,,,,,,,,Overall,,6.4,,,,,,,,,,,,,
,,,,,,,,,,,,,,,,,,,,,,,,,,,,,,,,,,,,,,,,,,,,,,,,,,,,,Overall,,10.2,,,,,,,,,,,,,
,,,,,,,,,,,,,,,,,,,,,,,,,,,,,,,,,,,,,,,,,,,,,,,,,,,,,Overall,,10.5,,,,,,,,,,,,,
,,,,,,,,,,,,,,,,,,,,,,,,,,,,,,,,,,,,,,,,,,,,,,,,,,,,,Overall,,11.1,,,,,,,,,,,,,
,,,,,,,,,,,,,,,,,,,,,,,,,,,,,,,,,,,,,,,,,,,,,,,,,,,,,Overall,,8.9,,Men,http://vocab.getty.edu/page/aat/300025928,https://www.wikidata.org/wiki/Q8441,,,,,,,,,
,,,,,,,,,,,,,,,,,,,,,,,,,,,,,,,,,,,,,,,,,,,,,,,,,,,,,Overall,,12.7,,Grapes,http://vocab.getty.edu/page/aat/300379338,https://www.wikidata.org/wiki/Q10978,,,,,,,,,
,,,,,,,,,,,,,,,,,,,,,,,,,,,,,,,,,,,,,,,,,,,,,,,,,,,,,Overall,,12.7,,Birds,http://vocab.getty.edu/page/aat/300266506,https://www.wikidata.org/wiki/Q5113,,,,,,,,,
,,,,,,,,,,,,,,,,,,,,,,,,,,,,,,,,,,,,,,,,,,,,,,,,,,,,,Overall,,12.7,,Flowers,http://vocab.getty.edu/page/aat/300132399,https://www.wikidata.org/wiki/Q506,,,,,,,,,
,,,,,,,,,,,,,,,,,,,,,,,,,,,,,,,,,,,,,,,,,,,,,,,,,,,,,Overall,,12.1,,Birds,http://vocab.getty.edu/page/aat/300266506,https://www.wikidata.org/wiki/Q5113,,,,,,,,,
,,,,,,,,,,,,,,,,,,,,,,,,,,,,,,,,,,,,,,,,,,,,,,,,,,,,,Overall,,12.1,,Flowers,http://vocab.getty.edu/page/aat/300132399,https://www.wikidata.org/wiki/Q506,,,,,,,,,
,,,,,,,,,,,,,,,,,,,,,,,,,,,,,,,,,,,,,,,,,,,,,,,,,,,,,Overall,,10.2,,Men,http://vocab.getty.edu/page/aat/300025928,https://www.wikidata.org/wiki/Q8441,,,,,,,,,
,,,,,,,,,,,,,,,,,,,,,,,,,,,,,,,,,,,,,,,,,,,,,,,,,,,,,Overall,,11.0,,Flowers,http://vocab.getty.edu/page/aat/300132399,https://www.wikidata.org/wiki/Q506,,,,,,,,,
,,,,,,,,,,,,,,,,,,,,,,,,,,,,,,,,,,,,,,,,,,,,,,,,,,,,,Overall,,13.0,,,,,,,,,,,,,
,,,,,,,,,,,,,,,,,,,,,,,,,,,,,,,,,,,,,,,,,,,,,,,,,,,,,Overall,,8.6,,Flowers,http://vocab.getty.edu/page/aat/300132399,https://www.wikidata.org/wiki/Q506,,,,,,,,,
,,,,,,,,,,,,,,,,,,,,,,,,,,,,,,,,,,,,,,,,,,,,,,,,,,,,,Overall,,10.5,,Flowers,http://vocab.getty.edu/page/aat/300132399,https://www.wikidata.org/wiki/Q506,,,,,,,,,
,,,,,,,,,,,,,,,,,,,,,,,,,,,,,,,,,,,,,,,,,,,,,,,,,,,,,Overall,,20.3,,,,,,,,,,,,,
,,,,,,,,,,,,,,,,,,,,,,,,,,,,,,,,,,,,,,,,,,,,,,,,,,,,,Overall,,20.3,,,,,,,,,,,,,
,,,,,,,,,,,,,,,,,,,,,,,,,,,,,,,,,,,,,,,,,,,,,,,,,,,,,Overall,,21.6,,,,,,,,,,,,,
